"","Year","Rank","DJ","Change"
"1",2004,1,"Tiësto","Re-entry"
"2",2005,1,"Paul van Dyk","Up 1"
"3",2006,1,"Paul van Dyk","No change"
"4",2007,1,"Armin Van Buuren","Up 1"
"5",2008,1,"Armin Van Buuren","No change"
"6",2009,1,"Armin Van Buuren","No change"
"7",2010,1,"Armin Van Buuren","No change"
"8",2011,1,"David Guetta","Up 1"
"9",2012,1,"Armin Van Buuren","Up 1"
"10",2013,1,"Hardwell","Up 5"
"11",2014,1,"Hardwell","No change"
"12",2015,1,"Dimitri Vegas & Like Mike","Up 1"
"13",2016,1,"Martin Garrix","Up 2"
"14",2017,1,"Martin Garrix","No change"
"15",2004,2,"Paul van Dyk","Re-entry"
"16",2005,2,"Tiësto","Down 1"
"17",2006,2,"Armin Van Buuren","Up 1"
"18",2007,2,"Tiësto","Up 1"
"19",2008,2,"Tiësto","No change"
"20",2009,2,"Tiësto","No change"
"21",2010,2,"David Guetta","Up 1"
"22",2011,2,"Armin Van Buuren","Down 1"
"23",2012,2,"Tiësto","Up 1"
"24",2013,2,"Armin Van Buuren","Down 1"
"25",2014,2,"Dimitri Vegas & Like Mike","Up 4"
"26",2015,2,"Hardwell","Down 1"
"27",2016,2,"Dimitri Vegas & Like Mike","Down 1"
"28",2017,2,"Dimitri Vegas & Like Mike","No change"
"29",2004,3,"Armin Van Buuren","Re-entry"
"30",2005,3,"Armin Van Buuren","No change"
"31",2006,3,"Tiësto","Down 1"
"32",2007,3,"John Digweed","Up 5"
"33",2008,3,"Paul van Dyk","Up 1"
"34",2009,3,"David Guetta","Up 2"
"35",2010,3,"Tiësto","Down 1"
"36",2011,3,"Tiësto","No change"
"37",2012,3,"Avicii","Up 3"
"38",2013,3,"Avicii","No change"
"39",2014,3,"Armin Van Buuren","Down 1"
"40",2015,3,"Martin Garrix","Up 1"
"41",2016,3,"Hardwell","Down 1"
"42",2017,3,"Armin Van Buuren","Up 1"
"43",2004,4,"Sasha","Re-entry"
"44",2005,4,"Sasha","No change"
"45",2006,4,"Christopher Lawrence","Up 10"
"46",2007,4,"Paul van Dyk","Down 3"
"47",2008,4,"Above & Beyond","Up 2"
"48",2009,4,"Above & Beyond","No change"
"49",2010,4,"Deadmau5","Up 2"
"50",2011,4,"Deadmau5","No change"
"51",2012,4,"David Guetta","Down 3"
"52",2013,4,"Tiësto","Down 2"
"53",2014,4,"Martin Garrix","Up 36"
"54",2015,4,"Armin Van Buuren","Down 1"
"55",2016,4,"Armin Van Buuren","No change"
"56",2017,4,"Hardwell","Down 1"
"57",2004,5,"Ferry Corsten","Up 1"
"58",2005,5,"Ferry Corsten","No change"
"59",2006,5,"DJ Dan","Up 19"
"60",2007,5,"Sasha","Up 2"
"61",2008,5,"David Guetta","Up 5"
"62",2009,5,"Paul van Dyk","Down 2"
"63",2010,5,"Above & Beyond","Down 1"
"64",2011,5,"Above & Beyond","No change"
"65",2012,5,"Deadmau5","Down 1"
"66",2013,5,"David Guetta","Down 1"
"67",2014,5,"Tiësto","Down 1"
"68",2015,5,"Tiësto","No change"
"69",2016,5,"Tiësto","No change"
"70",2017,5,"Tiësto","No change"
"71",2004,6,"Hernan Cattaneo","Up 16"
"72",2005,6,"John Digweed","Up 2"
"73",2006,6,"Ferry Corsten","Down 1"
"74",2007,6,"Above & Beyond","Up 3"
"75",2008,6,"Ferry Corsten","Up 2"
"76",2009,6,"Deadmau5","Up 5"
"77",2010,6,"Paul van Dyk","Down 1"
"78",2011,6,"Avicii","Up 33"
"79",2012,6,"Hardwell","Up 18"
"80",2013,6,"Dimitri Vegas & Like Mike","Up 32"
"81",2014,6,"Avicii","Down 3"
"82",2015,6,"David Guetta","Up 1"
"83",2016,6,"David Guetta","No change"
"84",2017,6,"The Chainsmokers","Up 12"
"85",2004,7,"Christopher Lawrence","Up 28"
"86",2005,7,"Hernan Cattaneo","Down 1"
"87",2006,7,"Sasha","Down 3"
"88",2007,7,"Carl Cox","Up 4"
"89",2008,7,"Sasha"," Down 2"
"90",2009,7,"Ferry Corsten","Down 1"
"91",2010,7,"Gareth Emery","Up 2"
"92",2011,7,"Afrojack","Up 12"
"93",2012,7,"Dash Berlin","Up 1"
"94",2013,7,"Nicky Romero","Up 10"
"95",2014,7,"David Guetta","Down 2"
"96",2015,7,"Avicii","Down 1"
"97",2016,7,"Steve Aoki","Up 3"
"98",2017,7,"David Guetta","Down 1"
"99",2004,8,"John Digweed","Down 3"
"100",2005,8,"Deep Dish","Up 2"
"101",2006,8,"John Digweed","Down 2"
"102",2007,8,"Ferry Corsten","Down 2"
"103",2008,8,"Markus Schulz","Up 5"
"104",2009,8,"Markus Schulz","No change"
"105",2010,8,"Markus Schulz","No change"
"106",2011,8,"Dash Berlin","Up 7"
"107",2012,8,"Above & Beyond","Down 3"
"108",2013,8,"Steve Aoki","Up 7"
"109",2014,8,"Nicky Romero","Down 1"
"110",2015,8,"Afrojack","Up 4"
"111",2016,8,"Oliver Heldens","Up 4"
"112",2017,8,"Afrojack","Up 2"
"113",2004,9,"Paul Oakenfold","Down 1"
"114",2005,9,"ATB","Up 4"
"115",2006,9,"Above & Beyond","Up 10"
"116",2007,9,"Infected Mushroom","Up 3"
"117",2008,9,"John Digweed","Down 6"
"118",2009,9,"Gareth Emery","Up 14"
"119",2010,9,"Ferry Corsten","Down 2"
"120",2011,9,"Markus Schulz","Down 1"
"121",2012,9,"Afrojack","Down 2"
"122",2013,9,"Afrojack","No change"
"123",2014,9,"Skrillex","Up 2"
"124",2015,9,"Skrillex","No change"
"125",2016,9,"Skrillex","No change"
"126",2017,9,"Steve Aoki","Down 2"
"127",2004,10,"Deep Dish","Re-entry"
"128",2005,10,"Carl Cox","Up 1"
"129",2006,10,"Deep Dish","Down 2"
"130",2007,10,"David Guetta","Up 21"
"131",2008,10,"Infected Mushroom","Down 1"
"132",2009,10,"Sander Van Doorn","Up 3"
"133",2010,10,"Axwell","Up 4"
"134",2011,10,"Swedish House Mafia","Up 13"
"135",2012,10,"Skrillex","Up 9"
"136",2013,10,"Dash Berlin","Down 3"
"137",2014,10,"Steve Aoki","Down 2"
"138",2015,10,"Steve Aoki","No change"
"139",2016,10,"Afrojack","Down 2"
"140",2017,10,"Marshmello","Up 18"
"141",2004,11,"Carl Cox","Down 4"
"142",2005,11,"Paul Oakenfold","Down 2"
"143",2006,11,"Carl Cox","Down 1"
"144",2007,11,"Deep Dish","Down 1"
"145",2008,11,"Deadmau5","New Entry 1"
"146",2009,11,"ATB","Up 14"
"147",2010,11,"ATB","No change"
"148",2011,11,"Paul van Dyk","Down 5"
"149",2012,11,"Headhunterz","Up 6"
"150",2013,11,"Skrillex","Down 1"
"151",2014,11,"Calvin Harris","Up 4"
"152",2015,11,"Calvin Harris","No change"
"153",2016,11,"Avicii","Down 4"
"154",2017,11,"Don Diablo ","Up 4"
"155",2004,12,"Sander Kleinenberg","Up 1"
"156",2005,12,"Richie Hawtin","Up 32"
"157",2006,12,"Infected Mushroom","Up 14"
"158",2007,12,"Paul Oakenfold","Up 2"
"159",2008,12,"Carl Cox","Down 5"
"160",2009,12,"Infected Mushroom","Down 2"
"161",2010,12,"Sander Van Doorn","Down 2"
"162",2011,12,"Axwell","Down 2"
"163",2012,12,"Swedish House Mafia","Down 2"
"164",2013,12,"Deadmau5","Down 7"
"165",2014,12,"Afrojack","Down 3"
"166",2015,12,"Oliver Heldens","Up 22"
"167",2016,12,"KSHMR","Up 11"
"168",2017,12,"KSHMR","No change"
"169",2004,13,"ATB","Up 34"
"170",2005,13,"James Zabiela","Up 2"
"171",2006,13,"ATB","Down 4"
"172",2007,13,"Markus Schulz","Up 6"
"173",2008,13,"Sander Van Doorn","Up 2"
"174",2009,13,"Sasha","Down 6"
"175",2010,13,"Infected Mushroom","Down 1"
"176",2011,13,"Gareth Emery","Down 6"
"177",2012,13,"Markus Schulz","Down 4"
"178",2013,13,"Alesso","Up 7"
"179",2014,13,"Blasterjaxx","Up 58"
"180",2015,13,"Alesso","Up 2"
"181",2016,13,"W&W","Up 1"
"182",2017,13,"Oliver Heldens","Down 5"
"183",2004,14,"Judge Jules","Down 5"
"184",2005,14,"Christopher Lawrence","Down 7"
"185",2006,14,"Paul Oakenfold","Down 3"
"186",2007,14,"Hernan Cattaneo","Up 1"
"187",2008,14,"Paul Oakenfold","Down 2"
"188",2009,14,"Axwell","Up 6"
"189",2010,14,"Steve Angello","Up 6"
"190",2011,14,"Fedde Le Grand","Up 5"
"191",2012,14,"Gareth Emery","Down 1"
"192",2013,14,"W & W","Up 11"
"193",2014,14,"Dash Berlin","Down 4"
"194",2015,14,"W & W","Up 4"
"195",2016,14,"Calvin Harris","Down 3"
"196",2017,14,"W&W","Down 1"
"197",2004,15,"James Zabiela","Down 4"
"198",2005,15,"Judge Jules","Down 1"
"199",2006,15,"Hernan Cattaneo","Down 8"
"200",2007,15,"Sander Van Doorn","Up 15"
"201",2008,15,"Richie Hawtin","Up 4"
"202",2009,15,"Andy Moor","Up 3"
"203",2010,15,"Dash Berlin","New Entry"
"204",2011,15,"ATB","Down 4"
"205",2012,15,"Steve Aoki","Up 27"
"206",2013,15,"Calvin Harris","Up 16"
"207",2014,15,"Alesso","Down 2"
"208",2015,15,"Dash Berlin","Down 1"
"209",2016,15,"Don Diablo ","Up 15"
"210",2017,15,"Calvin Harris","Down 1"
"211",2004,16,"Marco V","Down 1"
"212",2005,16,"Marco V","Re-entry"
"213",2006,16,"Judge Jules","Down 1"
"214",2007,16,"Eddie Halliwell","Up 1"
"215",2008,16,"Hernan Cattaneo","Down 2"
"216",2009,16,"Bobina","Up 12"
"217",2010,16,"Sebastian Ingrosso","Up 9"
"218",2011,16,"Sander Van Doorn","Down 4"
"219",2012,16,"Paul van Dyk","Down 5"
"220",2013,16,"Nervo","Up 30"
"221",2014,16,"Deadmau5","Down 4"
"222",2015,16,"DVBBS","Up 4"
"223",2016,16,"Axwell & Ingrosso","Up 1"
"224",2017,16,"Skrillex","Down 7"
"225",2004,17,"Roger Sanchez","Up 4"
"226",2005,17,"Eddie Halliwell","Up 8"
"227",2006,17,"Eddie Halliwell","Re-entry"
"228",2007,17,"James Zabiela","Up 4"
"229",2008,17,"James Zabiela","Stay 2"
"230",2009,17,"John Digweed","Down 8"
"231",2010,17,"Laidback Luke","Up 10"
"232",2011,17,"Headhunterz","Up 17"
"233",2012,17,"Nicky Romero","New Entry"
"234",2013,17,"Above & Beyond","Down 9"
"235",2014,17,"Showtek","Up 10"
"236",2015,17,"Axwell & Ingrosso","No change"
"237",2016,17,"Dash Berlin","Down 2"
"238",2017,17,"Alan Walker","Up 38"
"239",2004,18,"Benny Benassi","New Entry"
"240",2005,18,"Erick Morillo","Up 4"
"241",2006,18,"Marco V","Down 2"
"242",2007,18,"Astrix","Up 23"
"243",2008,18,"Andy Moor","Up 12"
"244",2009,18,"Carl Cox","Down 6"
"245",2010,18,"Judge Jules","Up 26"
"246",2011,18,"Ferry Corsten","Down 9"
"247",2012,18,"Sander Van Doorn","Down 2"
"248",2013,18,"Sebastian Ingrosso","Up 16"
"249",2014,18,"W & W","Down 4"
"250",2015,18,"Nicky Romero","Down 10"
"251",2016,18,"The Chainsmokers","Re-entry"
"252",2017,18,"R3hab","Up 3"
"253",2004,19,"Tall Paul","Re-entry"
"254",2005,19,"Above & Beyond","Up 20"
"255",2006,19,"Markus Schulz","Up 2"
"256",2007,19,"Richie Hawtin","Up 14"
"257",2008,19,"Eddie Halliwell","Down 3"
"258",2009,19,"Cosmic Gate","Up 43"
"259",2010,19,"Afrojack","New Entry"
"260",2011,19,"Skrillex","New Entry"
"261",2012,19,"Aly & Fila","Up 3"
"262",2013,19,"Axwell","Up 4"
"263",2014,19,"Deorro","New Entry"
"264",2015,19,"Blasterjaxx","Down 6"
"265",2016,19,"Ummet Ozcan","Up 17"
"266",2017,19,"Alok","Up 6"
"267",2004,20,"Danny Howells","Down 8"
"268",2005,20,"Sander Kleinenberg","Down 8"
"269",2006,20,"Gabriel & Dresden","Up 9"
"270",2007,20,"Marco V","Down 2"
"271",2008,20,"Axwell","Up 13"
"272",2009,20,"Steve Angello","Up 43"
"273",2010,20,"Aly & Fila","Up 2"
"274",2011,20,"Laidback Luke","Down 3"
"275",2012,20,"Alesso","Up 50"
"276",2013,20,"Aly & Fila","Down 1"
"277",2014,20,"DVBBS","New Entry"
"278",2015,20,"Diplo","Up 12"
"279",2016,20,"Alesso","Down 7"
"280",2017,20,"Dash Berlin","Down 3"
"281",2004,21,"Steve Lawless","Down 7"
"282",2005,23,"Sven Väth","Up 11"
"283",2006,21,"James Zabiela","Down 8"
"284",2007,21,"Judge Jules","Down 5"
"285",2008,21,"Eric Prydz","Up 15"
"286",2009,21,"Roger Shah","Up 37"
"287",2010,21,"Fedde Le Grand","Up 8"
"288",2011,21,"Infected Mushroom","Down 8"
"289",2012,21,"ATB","Down 6"
"290",2013,21,"Markus Schulz","Down 8"
"291",2014,21,"Nervo","Down 5"
"292",2015,21,"R3hab","Up 2"
"293",2016,21,"R3hab","No change"
"294",2017,21,"Axwell ","\ Ingrosso"
"295",2004,22,"Erick Morillo","Down 6"
"296",2005,24,"DJ Dan","Re-entry"
"297",2006,22,"John Acquaviva","New Entry"
"298",2007,22,"Fedde Le Grand","New Entry"
"299",2008,22,"Kyau & Albert","Up 35"
"300",2009,22,"Aly & Fila","Up 9"
"301",2010,22,"Carl Cox","Down 4"
"302",2011,22,"Aly & Fila","Down 2"
"303",2012,22,"Ferry Corsten","Down 4"
"304",2013,22,"Daft Punk","Up 22"
"305",2014,22,"Zedd","Up 2"
"306",2015,22,"Zedd","No change"
"307",2016,22,"DJ Snake","Up 10"
"308",2017,22,"DVBBS","Up 2"
"309",2004,23,"Chris Liebing","Up 65"
"310",2005,25,"Danny Howells","Down 5"
"311",2006,23,"Flash Brothers","Up 43"
"312",2007,23,"Gabriel & Dresden","Down 3"
"313",2008,23,"Gareth Emery","Up 8"
"314",2009,23,"Paul Oakenfold","Down 9"
"315",2010,23,"Swedish House Mafia","New Entry"
"316",2011,23,"Steve Angello","Down 9"
"317",2012,23,"Axwell","Down 11"
"318",2013,23,"Headhunterz","Down 12"
"319",2014,23,"R3hab","Up 35"
"320",2015,23,"KSHMR","New Entry"
"321",2016,23,"Diplo","Down 3"
"322",2017,23,"DJ Snake","Down 1"
"323",2004,24,"DJ Dan","Re-entry"
"324",2005,26,"Infected Mushroom","New Entry"
"325",2006,24,"NA","New Entry"
"326",2007,24,"Erick Morillo","Up 1"
"327",2008,24,"Sven Väth","Up 3"
"328",2009,24,"John O'Callaghan","Up 36"
"329",2010,24,"Cosmic Gate","Down 4"
"330",2011,24,"Hardwell","New Entry"
"331",2012,24,"Dada Life","Up 14"
"332",2013,24,"Zedd","Up 27"
"333",2014,24,"Andrew Rayel","Up 4"
"334",2015,24,"Nervo","Down 3"
"335",2016,24,"DVBBS","Down 8"
"336",2017,24,"Kygo","Up 2"
"337",2004,25,"Eddie Halliwell","Down 5"
"338",2005,27,"Roger Sanchez","Down 10"
"339",2006,25,"Erick Morillo","Down 7"
"340",2007,25,"Roger Sanchez","Up 17"
"341",2008,25,"ATB","Up 1"
"342",2009,25,"Sebastian Ingrosso","New Entry"
"343",2010,25,"Bobina","Down 9"
"344",2011,25,"Arty","Up 53"
"345",2012,25,"W & W","Up 11"
"346",2013,25,"Knife Party","Up 8"
"347",2014,25,"Above & Beyond","Down 8"
"348",2015,25,"Deadmau5","Down 9"
"349",2016,25,"Alok","Up 19"
"350",2017,25,"Diplo","Down 2"
"351",2004,26,"Andy C","Up 45"
"352",2005,28,"Mauro Picotto","Down 1"
"353",2006,26,"Benny Benassi","Down 4"
"354",2007,26,"ATB","Down 13"
"355",2008,26,"Anderson Noise","Up 28"
"356",2009,26,"Benny Benassi","Up 13"
"357",2010,26,"Benny Benassi","No change"
"358",2011,26,"Sebastian Ingrosso","Down 10"
"359",2012,26,"Fedde Le Grand","Down 12"
"360",2013,26,"Swedish House Mafia","Down 14"
"361",2014,26,"Steve Angello","Up 12"
"362",2015,26,"Dannic","Up 4"
"363",2016,26,"Kygo","Up 7"
"364",2017,26,"Lost Frequencies","New Entry"
"365",2004,27,"Mauro Picotto","Down 10"
"366",2005,29,"Gabriel & Dresden","Up 12"
"367",2006,27,"Sander Kleinenberg","Down 7"
"368",2007,27,"Sven Väth","Up 17"
"369",2008,27,"Joachim Garraud","New Entry 28"
"370",2009,27,"Laidback Luke","Up 19"
"371",2010,27,"Sasha","Down 14"
"372",2011,27,"Benny Benassi","Down 1"
"373",2012,27,"Noisecontrollers","Up 8"
"374",2013,27,"Showtek","Re-entry"
"375",2014,27,"Dyro","Up 3"
"376",2015,27,"Dyro","No change"
"377",2016,27,"Swanky Tunes","Up 70"
"378",2017,27,"Above & Beyond","Up 20"
"379",2004,28,"Johan Gielen","Down 4"
"380",2005,30,"Steve Lawler","Down 9"
"381",2006,28,"DJ Yahel","Up 17"
"382",2007,28,"Yahel","No change"
"383",2008,28,"Bobina","New Entry 28"
"384",2009,28,"Richie Hawtin","Down 13"
"385",2010,28,"Simon Patterson","Up 14"
"386",2011,28,"Daft Punk","Up 16"
"387",2012,28,"Arty","Down 3"
"388",2013,28,"Andrew Rayel","Up 49"
"389",2014,28,"Aly & Fila","Down 8"
"390",2015,28,"Deorro","Down 9"
"391",2016,28,"Marshmello","New Entry"
"392",2017,28,"Avicii","Down 17"
"393",2004,29,"Lady Dana","Up 26"
"394",2005,31,"Blank & Jones","Up 7"
"395",2006,29,"Offer Nissim","New Entry"
"396",2007,29,"Umek","Up 53"
"397",2008,29,"Fedde Le Grand","Down 7"
"398",2009,29,"Fedde Le Grand","No change"
"399",2010,29,"John Digweed","Down 12"
"400",2011,29,"Martin Solveig","Up 26"
"401",2012,29,"Laidback Luke","Down 9"
"402",2013,29,"Fedde Le Grand","Down 3"
"403",2014,29,"Axwell","Down 10"
"404",2015,29,"Above & Beyond","Down 4"
"405",2016,29,"Nicky Romero","Down 11"
"406",2017,29,"Zedd","Up 6"
"407",2004,30,"Lisa Lashes","Down 4"
"408",2005,32,"Yoji Biomehanika","Up 1"
"409",2006,30,"Andy Moor","Up 16"
"410",2007,30,"Andy Moor","No change"
"411",2008,30,"Dubfire","New Entry 7"
"412",2009,30,"DJ Feel","Up 25"
"413",2010,30,"Eric Prydz","Up 4"
"414",2011,30,"Kaskade","Up 5"
"415",2012,30,"Kaskade","No change"
"416",2013,30,"Dyro","New Entry"
"417",2014,30,"Dannic","Up 44"
"418",2015,30,"Don Diablo ","Up 52"
"419",2016,30,"Steve Angello","Up 1"
"420",2017,30,"Quintino","Up 2"
"421",2004,31,"Adam Freeland","Up 5"
"422",2005,33,"Chris Liebing","Down 10"
"423",2006,31,"David Guetta","Up 8"
"424",2007,31,"Gareth Emery","Up 3"
"425",2008,31,"Aly & Fila","New Entry 7"
"426",2009,31,"Lange","Up 6"
"427",2010,31,"Richie Hawtin","Down 3"
"428",2011,31,"Carl Cox","Down 9"
"429",2012,31,"Calvin Harris","Up 3"
"430",2013,31,"Laidback Luke","Down 2"
"431",2014,31,"Ummet Ozcan","Up 68"
"432",2015,31,"Steve Angello","Down 5"
"433",2016,31,"Deadmau5","Down 6"
"434",2017,31,"Vintage Culture","Up 23"
"435",2004,32,"Markus Schulz","New Entry"
"436",2005,34,"Danny Tenaglia","Up 6"
"437",2006,32,"Sander Van Doorn","New Entry"
"438",2007,32,"Benny Benassi","Down 6"
"439",2008,32,"Judge Jules","Down 11"
"440",2009,32,"Hernan Cattaneo","Down 16"
"441",2010,32,"Andy Moor","Down 17"
"442",2011,32,"Chuckie","Up 5"
"443",2012,32,"Orjan Nilsen","Up 17"
"444",2013,32,"Paul van Dyk","Down 16"
"445",2014,32,"Diplo","Up 32"
"446",2015,32,"DJ Snake","Up 33"
"447",2016,32,"Quintino","Up 48"
"448",2017,32,"VINAI","Up 5"
"449",2004,33,"Yoji Biomehanika","Up 37"
"450",2005,35,"Nick Warren","Up 8"
"451",2006,33,"Richie Hawtin","Down 21"
"452",2007,33,"Axwell","Up 60"
"453",2008,33,"Umek","Down 4"
"454",2009,33,"Daft Punk","Up 5"
"455",2010,33,"John O'Callaghan","Down 9"
"456",2011,33,"Bob Sinclair","Up 5"
"457",2012,33,"Knife Party","New Entry"
"458",2013,33,"ATB","Down 12"
"459",2014,33,"Krewella","Up 11"
"460",2015,33,"Kygo","New Entry"
"461",2016,33,"DJ Chetas","Up 26"
"462",2017,33,"Headhunterz","Up 3"
"463",2004,34,"Sven Väth","Up 7"
"464",2005,36,"Dave Clarke","Up 1"
"465",2006,34,"Gareth Emery","New Entry"
"466",2007,34,"Mauro Picotto","Up 37"
"467",2008,34,"Matt Darey","Up 25"
"468",2009,34,"Eric Prydz","Down 13"
"469",2010,34,"Roger Shah","Down 13"
"470",2011,34,"Calvin Harris","Up 60"
"471",2012,34,"Sebastian Ingrosso","Down 8"
"472",2013,34,"Angerfist","Up 8"
"473",2014,34,"Oliver Heldens","New Entry"
"474",2015,34,"Yves V","Up 21"
"475",2016,34,"Bassjackers","Up 5"
"476",2017,34,"Eric Prydz","Up 32"
"477",2004,35,"Bad Boy Bill","Up 37"
"478",2005,37,"James Holden","Down 1"
"479",2006,35,"Phil Kieran","New Entry"
"480",2007,35,"Sander Kleinenberg","Down 8"
"481",2008,35,"Ricky Stone","Up 33"
"482",2009,35,"Bob Sinclair","Up 5"
"483",2010,35,"Kaskade","Up 16"
"484",2011,35,"Noisecontrollers","Up 55"
"485",2012,35,"Chuckie","Down 3"
"486",2013,35,"Dada Life","Down 11"
"487",2014,35,"Fedde Le Grand","Down 6"
"488",2015,35,"Fedde Le Grand","No change"
"489",2016,35,"Zedd","Down 13"
"490",2017,35,"Bassjackers","Down 1"
"491",2004,36,"James Holden","Up 40"
"492",2005,38,"Mario Piu","Re-entry"
"493",2006,36,"Nick Warren","Down 1"
"494",2007,36,"Eric Prydz","New Entry"
"495",2008,36,"Ricardo Villalobos","Up 13"
"496",2009,36,"Joachim Garraud","Down 9"
"497",2010,36,"Headhunterz","New Entry"
"498",2011,36,"W & W","Up 36"
"499",2012,36,"Zatox","Up 11"
"500",2013,36,"Kaskade","Down 6"
"501",2014,36,"Vicetone","Up 24"
"502",2015,36,"Ummet Ozcan","Down 5"
"503",2016,36,"Headhunterz","Up 12"
"504",2017,36,"Blasterjaxx","Up 7"
"505",2004,37,"Dave Clarke","Down 6"
"506",2005,39,"David Guetta","New Entry"
"507",2006,37,"DJ Skazi","New Entry"
"508",2007,37,"Blank & Jones","Up 23"
"509",2008,37,"Lange","Up 18"
"510",2009,37,"Kyau & Albert","Down 15"
"511",2010,37,"Chuckie","Up 35"
"512",2011,37,"Pete Tha Zouk","Up 44"
"513",2012,37,"Coone","Up 4"
"514",2013,37,"Frontliner","Up42"
"515",2014,37,"Angerfist","Down 3"
"516",2015,37,"Showtek","Down 20"
"517",2016,37,"VINAI","Up 6"
"518",2017,37,"Alesso","Down 17"
"519",2004,38,"Blank & Jones","Up 35"
"520",2005,40,"DJ Vibe","Up 40"
"521",2006,38,"Steve Lawler","Down 8"
"522",2007,38,"Bad Boy Bill","Up 5"
"523",2008,38,"Daft Punk","Up 33"
"524",2009,38,"James Zabiela","Down 21"
"525",2010,38,"Bob Sinclair","Down 3"
"526",2011,38,"Dada Life","Up 38"
"527",2012,38,"Dimitri Vegas & Like Mike","Up 41"
"528",2013,38,"Steve Angello","Up 19"
"529",2014,38,"Paul van Dyk","Down 6"
"530",2015,38,"Angerfist","Down 1"
"531",2016,38,"Florian Picasso","New Entry"
"532",2017,38,"Ummet Ozcan","Down 19"
"533",2004,39,"Above & Beyond","Re-entry"
"534",2005,41,"Kai Tracid","Up 28"
"535",2006,39,"D-Formation","New Entry"
"536",2007,39,"Pete Tong","Up 18"
"537",2008,39,"Benny Benassi","Down 7"
"538",2009,39,"Umek","Down 6"
"539",2010,39,"Avicii","New Entry"
"540",2011,39,"Angerfist","New Entry"
"541",2012,39,"Cosmic Gate","Up 4"
"542",2013,39,"Sander Van Doorn","Down 21"
"543",2014,39,"Sebastian Ingrosso","Down 21"
"544",2015,39,"Bassjackers","New Entry"
"545",2016,39,"Galantis","Up 59"
"546",2017,39,"Fedde Le Grand","Up 11"
"547",2004,40,"Danny Tenaglia","Down 22"
"548",2005,42,"Bad Boy Bill","Down 7"
"549",2006,40,"Ricky Stone","Up 8"
"550",2007,40,"DJ Vibe","Up 7"
"551",2008,40,"Bob Sinclair","Up 23"
"552",2009,40,"Christopher Lawrence","Re-entry"
"553",2010,40,"Kyau & Albert","Down 3"
"554",2011,40,"D-Block & S-te-Fan","Up 33"
"555",2012,40,"Porter Robinson","Up 56"
"556",2013,40,"Martin Garrix","New Entry"
"557",2014,40,"Headhunterz","Down 17"
"558",2015,40,"Andrew Rayel","Down 16"
"559",2016,40,"Jack U","Up 5"
"560",2017,40,"Angerfist","Up 6"
"561",2004,41,"Gabriel & Dresden","Up 1"
"562",2005,43,"Tall Paul","Down 24"
"563",2006,41,"Astrix","Up 34"
"564",2007,41,"Tiga","Up 9"
"565",2008,41,"Deep Dish","Down 30"
"566",2009,41,"Eddie Halliwell","Down 22"
"567",2010,41,"DJ Feel","Down 11"
"568",2011,41,"Coone","New Entry"
"569",2012,41,"Wildstylez","Up 39"
"570",2013,41,"Porter Robinson","Down 1"
"571",2014,41,"Borgore","New Entry"
"572",2015,41,"Paul van Dyk","Down 3"
"573",2016,41,"Aly & Fila","Up 1"
"574",2017,41,"Wolfpack","Up 22"
"575",2004,43,"Nick Warren","Down 15"
"576",2005,44,"Tiga","New Entry"
"577",2006,42,"Roger Sanchez","Down 15"
"578",2007,42,"Steve Lawler","Down 4"
"579",2008,42,"Mark Knight","Up 9"
"580",2009,42,"Simon Patterson","Up 22"
"581",2010,42,"Moonbeam","Up 34"
"582",2011,42,"Steve Aoki","New Entry"
"583",2012,42,"Angerfist","Down 3"
"584",2013,42,"Ferry Corsten","Down 20"
"585",2014,42,"Kura","New Entry"
"586",2015,42,"Aly & Fila","Down 14"
"587",2016,42,"Shogun","Up 5"
"588",2017,42,"Nervo","Up 3"
"589",2004,44,"Richie Hawtin","Down 11"
"590",2005,45,"DJ Yahel","Re-entry"
"591",2006,43,"Bad Boy Bill","Down 1"
"592",2007,43,"Danny Tenaglia","Up 15"
"593",2008,43,"Astrix","Down 25"
"594",2009,43,"Offer Nissim","Up 8"
"595",2010,43,"Joachim Garraud","Down 7"
"596",2011,43,"Cosmic Gate","Down 19"
"597",2012,43,"Infected Mushroom","Down 22"
"598",2013,43,"Chuckie","Down 8"
"599",2014,43,"Daft Punk","Down 21"
"600",2015,43,"VINAI","Up 19"
"601",2016,43,"Blasterjaxx","Down 27"
"602",2017,43,"Timmy Trumpet","Up 37"
"603",2004,45,"Laurent Garnier","Down 16"
"604",2005,46,"Andy Moor","New Entry"
"605",2006,44,"Sven Väth","Down 21"
"606",2007,44,"Ronski Speed","Up 43"
"607",2008,44,"Marco V","Down 24"
"608",2009,44,"Judge Jules","Down 12"
"609",2010,44,"Daft Punk","Down 11"
"610",2011,44,"Bobina","Down 19"
"611",2012,44,"Daft Punk","Down 16"
"612",2013,44,"Krewella","New Entry"
"613",2014,44,"Markus Schulz","Down 23"
"614",2015,44,"Alok","New Entry"
"615",2016,44,"Major Lazer","Up 10"
"616",2017,44,"Radical Redemption","Up 24"
"617",2004,46,"Pete Tong","Down 21"
"618",2005,47,"Ricardo Villalobos","New Entry"
"619",2006,45,"The Thrillseekers","Re-entry"
"620",2007,45,"Nic Fanciulli","Re-entry"
"621",2008,45,"The Thrillseekers","Up 7"
"622",2009,45,"Sean Tyas","Up 9"
"623",2010,45,"Lange","Down 14"
"624",2011,45,"Richie Hawtin","Down 14"
"625",2012,45,"Carl Cox","Down 14"
"626",2013,45,"Coone","Down 8"
"627",2014,45,"Frontliner","Down 8"
"628",2015,45,"Jack U","New Entry"
"629",2016,45,"Nervo","Down 21"
"630",2017,45,"Major Lazer","Down 1"
"631",2004,47,"Jeff Mills ","Down 8"
"632",2005,48,"Ricky Stone","New Entry"
"633",2006,46,"Donald Glaude","Up 22"
"634",2007,46,"Steve Angello","Up 20"
"635",2008,46,"Laidback Luke","New Entry 7"
"636",2009,46,"Dubfire","Down 16"
"637",2010,46,"Sean Tyas","Down 1"
"638",2011,46,"Eric Prydz","Down 16"
"639",2012,46,"Nervo","New Entry"
"640",2013,46,"Carl Cox","Down 1"
"641",2014,46,"Kaskade","Down 10"
"642",2015,46,"Tom Swoon","New Entry"
"643",2016,46,"Angerfist","Down 8"
"644",2017,46,"Tujamo","Up 32"
"645",2004,48,"Satoshi Tomiie","Down 14"
"646",2005,49,"Pete Tong","Down 3"
"647",2006,47,"DJ Vibe","Down 7"
"648",2007,47,"Nick Warren","Down 11"
"649",2008,47,"Danny Tenaglia","Down 4"
"650",2009,47,"Martin Solveig","Up 5"
"651",2010,47,"Eddie Halliwell","Down 6"
"652",2011,47,"Zatox","New Entry"
"653",2012,47,"Pete Tha Zouk","Down 10"
"654",2013,47,"Bobina","Up 6"
"655",2014,47,"Brennan Heart","Up 14"
"656",2015,47,"Shogun","New Entry"
"657",2016,47,"Above & Beyond","Down 18"
"658",2017,47,"Tom Swoon","Up 9"
"659",2004,49,"Misstress Barbara","Re-entry"
"660",2005,50,"Martin Garcia ","New Entry"
"661",2006,48,"Kyau & Albert","New Entry"
"662",2007,48,"Matt Hardwick","Up 16"
"663",2008,48,"Menno De Jong","Up 14"
"664",2009,48,"Sven Väth","Down 24"
"665",2010,48,"Erick Morillo","Up 11"
"666",2011,48,"tyDi","Up 8"
"667",2012,48,"Martin Solveig","Down 19"
"668",2013,48,"Omnia","Up 10"
"669",2014,48,"Coone","Down 3"
"670",2015,48,"Headhunterz","Down 8"
"671",2016,48,"Yellow Claw","Up 26"
"672",2017,48,"Kura","Up 3"
"673",2004,50,"Adam Beyer","Up 15"
"674",2005,51,"Frank T.R.A.X","New Entry"
"675",2006,49,"Chris Liebing","Down 16"
"676",2007,49,"Ricardo Villalobos","Re-entry"
"677",2008,49,"Marco Lenzi","New Entry 14"
"678",2009,49,"Richard Durand","Up 49"
"679",2010,49,"James Zabiela","Down 11"
"680",2011,49,"Orjan Nilsen","New Entry"
"681",2012,49,"Brennan Heart","Up 49"
"682",2013,49,"Orjan Nilsen","Down 17"
"683",2014,49,"Infected Mushroom","Up 4"
"684",2015,49,"Coone","Down 1"
"685",2016,49,"MaRLo","Up42"
"686",2017,49,"Deadmau5","Down 18"
"687",2004,51,"Fatboy Slim","Down 8"
"688",2005,52,"Timo Maas","Re-entry"
"689",2006,50,"Tiga","Down 6"
"690",2007,50,"James Holden","Up 3"
"691",2008,50,"Andy C","Up 17"
"692",2009,50,"Marco V","Down 6"
"693",2010,50,"Umek","Down 11"
"694",2011,50,"Andy Moor","Down 18"
"695",2012,50,"Tenishia","Up 41"
"696",2013,50,"Zatox","Down 14"
"697",2014,50,"Laidback Luke","Down 19"
"698",2015,50,"Vicetone","Down 14"
"699",2016,50,"Fedde Le Grand","Down 15"
"700",2017,50,"Nicky Romero","Down 21"
"701",2004,52,"John '00' Fleming","Down 25"
"702",2005,53,"Laurent Garnier","Down 8"
"703",2006,51,"Matt Darey","Up 40"
"704",2007,51,"Mark Knight","New Entry"
"705",2008,51,"Offer Nissim","Up 5"
"706",2009,51,"Kaskade","New Entry"
"707",2010,51,"Paul Oakenfold","Down 28"
"708",2011,51,"Roger Shah","Down 17"
"709",2012,51,"Zedd","New Entry"
"710",2013,51,"Gareth Emery","Down 37"
"711",2014,51,"Sander Van Doorn","Down 12"
"712",2015,51,"Richie Hawtin","Up 39"
"713",2016,51,"Kura","Up 10"
"714",2017,51,"Paul van Dyk","Up 9"
"715",2004,53,"Plump DJ's","Down 16"
"716",2005,54,"Desyn Masiello","New Entry"
"717",2006,52,"Bob Sinclair","New Entry"
"718",2007,52,"The Thrillseekers","Down 7"
"719",2008,52,"Martin Solveig","Up 20"
"720",2009,52,"tyDi","New Entry"
"721",2010,52,"Matt Darey","Up 2"
"722",2011,52,"John O'Callaghan","Down 19"
"723",2012,52,"Eric Prydz","Down 6"
"724",2013,52,"Bingo Players","Up 14"
"725",2014,52,"Dada Life","Down 17"
"726",2015,52,"Wolfpack","Up 32"
"727",2016,52,"Lost Stories","New Entry"
"728",2017,52,"Danny Avila","Re-entry"
"729",2004,54,"David Morales","Up 28"
"730",2005,55,"Victor Calderone","Up 11"
"731",2006,53,"James Holden","Down 16"
"732",2007,53,"Marco Bailey","Re-entry"
"733",2008,53,"Adam Sheridan","New Entry 20"
"734",2009,53,"Erick Morillo","Up 17"
"735",2010,53,"Mark Knight","Up 8"
"736",2011,53,"Astrix","Up 6"
"737",2012,53,"Bobina","Down 9"
"738",2013,53,"Infected Mushroom","Down 10"
"739",2014,53,"Knife Party","Down 28"
"740",2015,53,"Brennan Heart","Down 6"
"741",2016,53,"Deorro","Down 25"
"742",2017,53,"Aly & Fila","Down 12"
"743",2004,55,"Umek","Down 10"
"744",2005,56,"Lisa Lashes","Down 26"
"745",2006,55,"Wrecked Machines","New Entry"
"746",2007,54,"Anderson Noise","Up 25"
"747",2008,54,"Sean Tyas","New Entry 20"
"748",2009,54,"Matt Darey","Down 20"
"749",2010,54,"Richard Durand","Down 5"
"750",2011,54,"Erick Morillo","Down 6"
"751",2012,54,"Madeon","New Entry"
"752",2013,54,"Eric Prydz","Down 2"
"753",2014,54,"Dillon Francis","Up 19"
"754",2015,54,"Major Lazer","New Entry"
"755",2016,54,"Vintage Culture","New Entry"
"756",2017,54,"ATB","Up 7"
"757",2004,56,"Lee Burridge","Down 12"
"758",2005,57,"Johan Gielen","Down 29"
"759",2006,56,"Dion Mavath","New Entry"
"760",2007,55,"Lange","Down 1"
"761",2008,55,"DJ Feel","New Entry 20"
"762",2009,55,"Astrix","Down 12"
"763",2010,55,"Martin Solveig","Down 8"
"764",2011,55,"John Digweed","Down 26"
"765",2012,55,"John O'Callaghan","Down 3"
"766",2013,55,"Tommy Trash","Up 7"
"767",2014,55,"Yves V","New Entry"
"768",2015,55,"Porter Robinson","Up 2"
"769",2016,55,"Alan Walker","New Entry"
"770",2017,55,"Yves V","Up 7"
"771",2004,57,"Dave Seaman","Down 17"
"772",2005,58,"Matt Hardwick","Up 1"
"773",2006,56,"Dion Mavath","New Entry"
"774",2007,56,"Offer Nissim","Down 27"
"775",2008,56,"Yahel","Down 28"
"776",2009,56,"Menno De Jong","Down 8"
"777",2010,56,"tyDi","Down 4"
"778",2011,56,"Wolfgang Gartner","Up 14"
"779",2012,56,"DJ Feel","Up 1"
"780",2013,56,"Wildstylez","Down 15"
"781",2014,56,"Firebeatz","New Entry"
"782",2015,56,"Markus Schulz","Down 12"
"783",2016,56,"Tom Swoon","Down 10"
"784",2017,56,"Diego Miranda","Up 2"
"785",2004,58,"Fergie","Down 35"
"786",2005,59,"Misstress Barbara","Down 10"
"787",2006,57,"Pete Tong","Down 8"
"788",2007,57,"Kyau & Albert","Down 9"
"789",2008,57,"Roger Sanchez","Down 32"
"790",2009,57,"The Thrillseekers","Down 12"
"791",2010,57,"Hernan Cattaneo","Down 25"
"792",2011,57,"DJ Feel","Down 16"
"793",2012,57,"Steve Angello","Down 34"
"794",2013,57,"Arty","Down 29"
"795",2014,57,"Porter Robinson","Down 16"
"796",2015,57,"Eric Prydz","Up 3"
"797",2016,57,"Coone","Down 8"
"798",2017,57,"Yellow Claw","Down 9"
"799",2004,59,"Matt Hardwick","Up 5"
"800",2005,60,"Fergie","Down 2"
"801",2006,58,"Danny Tenaglia","Down 22"
"802",2007,58,"Justice","New Entry"
"803",2008,58,"DJ Shah","New Entry 32"
"804",2009,58,"Nick Warren","Up 26"
"805",2010,58,"Sven Väth","Down 10"
"806",2011,58,"Showtek","Up 33"
"807",2012,58,"Omnia","New Entry"
"808",2013,58,"R3hab","Up 15"
"809",2014,58,"ATB","Down 25"
"810",2015,58,"Diego Miranda","Up 12"
"811",2016,58,"Diego Miranda","No change"
"812",2017,58,"Miss K8","Up 30"
"813",2004,60,"Slacker","Re-entry"
"814",2005,61,"Armand Van Helden","Up 23"
"815",2006,59,"George Acosta","New Entry"
"816",2007,59,"Matt Darey","Down 8"
"817",2008,59,"Sander Kleinenberg","Down 24"
"818",2009,59,"Dirty South","Up 15"
"819",2010,59,"Astrix","Down 4"
"820",2011,59,"Richard Durand","Down 5"
"821",2012,59,"Umek","Up 1"
"822",2013,59,"Madeon","Down 5"
"823",2014,59,"Carl Cox","Down 13"
"824",2015,59,"DJ Chetas","New Entry"
"825",2016,59,"Brennan Heart","Down 6"
"826",2017,59,"Brennan Heart","No change"
"827",2004,61,"DJ Luna","New Entry"
"828",2005,62,"Michel De Hey","Up 3"
"829",2006,60,"Blank & Jones","Down 29"
"830",2007,60,"Timo Maas","Up 3"
"831",2008,60,"John O'Callaghan","New Entry 24"
"832",2009,60,"Roger Sanchez","Down 3"
"833",2010,60,"Super8 & Tab","Up 22"
"834",2011,60,"Umek","Down 10"
"835",2012,60,"Wolfgang Gartner","Down 4"
"836",2013,60,"Vicetone","New Entry"
"837",2014,60,"Eric Prydz","Down 6"
"838",2015,60,"Danny Avila","New Entry"
"839",2016,60,"Paul van Dyk","Down 19"
"840",2017,60,"Mike Williams","New Entry"
"841",2004,62,"M.I.K.E","Down 12"
"842",2005,63,"Fatboy Slim","Down 12"
"843",2006,61,"DJ Sammy","Up 31"
"844",2007,61,"Danny Howells","Up 6"
"845",2008,61,"Blank & Jones","Down 24"
"846",2009,61,"Mark Knight","Down 19"
"847",2010,61,"Andy C","Up 39"
"848",2011,61,"Skazi","Up 22"
"849",2012,61,"AN21","Up 24"
"850",2013,61,"Brennan Heart","Down 12"
"851",2014,61,"Gabry Ponte","New Entry"
"852",2015,61,"Kura","Down 19"
"853",2016,61,"ATB","Up 21"
"854",2017,61,"Dannic","Up 9"
"855",2004,63,"DJ Rush","Re-entryNextRanking "
"856",2005,64,"Jeff Mills ","Down 17NextRanking "
"857",2006,62,"Joachim Garraud","New EntryNextRanking "
"858",2007,62,"Menno De Jong","Up 10NextRanking "
"859",2008,62,"Cosmic Gate","Re-entryNextRanking "
"860",2009,62,"Wally Lopez","Up 13NextRanking "
"861",2010,62,"Myon & Shane 54","Up 29NextRanking "
"862",2011,62,"Paul Kalkbrenner","Up 22NextRanking "
"863",2012,62,"Tommy Trash","New EntryNextRanking "
"864",2013,62,"DJ Feel","Down 6NextRanking "
"865",2014,62,"VINAI","New EntryNextRanking "
"866",2015,62,"tchami","New EntryNextRanking "
"867",2016,62,"Yves V","Down 28NextRanking "
"868",2017,62,"Carl Cox","Up 12NextRanking "
"869",2004,64,"Max Graham","Down 8"
"870",2005,65,"DJ Rush","Down 2"
"871",2006,63,"Timo Maas","Down 11"
"872",2007,63,"Bob Sinclair","Down 11"
"873",2008,63,"Steve Angello","Down 17"
"874",2009,63,"Leon Bolier","Up 32"
"875",2010,63,"Marcel Woods","Up 11"
"876",2011,63,"Sasha","Down 36"
"877",2012,63,"Francis Davila","Up 14"
"878",2013,63,"Gunz For Hire","New Entry"
"879",2014,63,"MAKJ","New Entry"
"880",2015,63,"Carl Cox","Up 4"
"881",2016,63,"Wolfpack","Down 11"
"882",2017,63,"Carl Nunes","Up 23"
"883",2004,NA,NA,NA
"884",2005,66,"The Flash Brothers","Up 5"
"885",2006,64,"Matt Hardwick","Down 6"
"886",2007,64,"John Acquaviva","Down 42"
"887",2008,64,"Simon Patterson","New Entry 17"
"888",2009,64,"Blank & Jones","Down 3"
"889",2010,64,"Roger Sanchez","Down 4"
"890",2011,64,"Eddie Halliwell","Down 17"
"891",2012,64,"D-Block & S-te-Fan","Down 24"
"892",2013,64,"Diplo","New Entry"
"893",2014,64,"Radical Redemption","New Entry"
"894",2015,64,"Laidback Luke","Down 14"
"895",2016,64,"Dillon Francis","Up 3"
"896",2017,64,"Lucas & Steve","New Entry"
"897",2004,NA,NA,NA
"898",2005,67,"Adam Beyer","Down 17"
"899",2006,65,"Frank T.R.A.X","Down 14"
"900",2007,65,"Agnelli & Nelson","Up 33"
"901",2008,65,"Gabriel & Dresden","Down 42"
"902",2009,65,"Justice","Up 8"
"903",2010,65,"Wally Lopez","Down 3"
"904",2011,65,"Moonbeam","Down 23"
"905",2012,65,"Tritonal","Up 18"
"906",2013,65,"Tenishia","Down 15"
"907",2014,65,"DJ Snake","New Entry"
"908",2015,65,"Disclosure","New Entry"
"909",2016,65,"Andrew Rayel","Down 25"
"910",2017,65,"Warface","New Entry"
"911",2004,NA,NA,NA
"912",2005,67,"Adam Beyer","Down 17"
"913",2006,66,"Steve Angello","New Entry"
"914",2007,66,"Fatboy Slim","Up 14"
"915",2008,66,"Richard Durand","Up 25"
"916",2009,66,"Laurent Wolf","Up 1"
"917",2010,66,"Mat Zo","New Entry"
"918",2011,66,"Myon & Shane 54","Down 4"
"919",2012,66,"Bingo Players","New Entry"
"920",2013,66,"Noisecontrollers","Down 39"
"921",2014,66,"Da Tweekaz","Up 20"
"922",2015,66,"Firebeatz","Down 10"
"923",2016,66,"Eric Prydz","Down 9"
"924",2017,66,"Galantis","Down 27"
"925",2004,NA,NA,NA
"926",2005,68,"Donald Glaude","Re-entry"
"927",2006,67,"Danny Howells","Down 42"
"928",2007,67,"Andy C","Up 30"
"929",2008,67,"Laurent Wolf","New Entry 25"
"930",2009,67,"Astral Projection","Up 27"
"931",2010,67,"Marco V","Down 17"
"932",2011,67,"Judge Jules","Down 23"
"933",2012,67,"Psyko Punkz","Up 11"
"934",2013,67,"Mike Candys","Up 19"
"935",2014,67,"Noisecontrollers","Down 1"
"936",2015,67,"Dillon Francis","Down 13"
"937",2016,67,"Felguk","Re-entry"
"938",2017,67,"Da Tweekaz","Up 4"
"939",2004,NA,NA,NA
"940",2005,69,"Dave Seaman","Down 12"
"941",2006,68,"Simon Posford","New Entry"
"942",2007,68,"Ricky Stone","Down 28"
"943",2008,68,"Matt Hardwick","Down 20"
"944",2009,68,"Boys Noize","New Entry"
"945",2010,68,"Leon Bolier","Down 5"
"946",2011,68,"Matt Darey","Down 16"
"947",2012,68,"Shogun","New Entry"
"948",2013,68,"Antoine","New Entry"
"949",2014,NA,"Carnage","New Entry"
"950",2015,68,"Borgore","Down 27"
"951",2016,68,"Radical Redemption","Up 4"
"952",2017,68,"Jay Hardway","Up 21"
"953",2004,NA,NA,NA
"954",2005,70,"Andy C","Down 44"
"955",2006,69,"John Graham","New Entry"
"956",2007,69,"Donald Glaude","Down 23"
"957",2008,69,"Chris Liebing","Up 5"
"958",2009,69,"Ronski Speed","Up 28"
"959",2010,69,"Ronski Speed","No change"
"960",2011,69,"Paul Oakenfold","Down 18"
"961",2012,69,"Paul Oakenfold","No change"
"962",2013,69,"MOSIMANN","Up 5"
"963",2014,69,"Cosmic Gate","Up 11"
"964",2015,69,"Daft Punk","Down 26"
"965",2016,69,"Robin Schulz","Up 30"
"966",2017,69,"Claptone","New Entry"
"967",2004,NA,NA,NA
"968",2005,71,"Chus & Ceballos","New Entry"
"969",2006,70,"Desyn Masiello","Down 16"
"970",2007,70,"Desyn Masiello","No change"
"971",2008,70,"Erick Morillo","Down 46"
"972",2009,70,"Sander Kleinenberg","Down 11"
"973",2010,70,"Wolfgang Gartner","New Entry"
"974",2011,70,"Alesso","New Entry"
"975",2012,70,"Benny Benassi","Down 43"
"976",2013,70,"Project 46","Up 30"
"977",2014,70,"Diego Miranda","Up 24"
"978",2015,70,"Umek","Up 5"
"979",2016,70,"Dannic","Down 44"
"980",2017,70,"Martin Jensen","Up 12"
"981",2004,NA,NA,NA
"982",2005,72,"John '00' Fleming","Down 20"
"983",2006,71,"Mauro Picotto","Down 43"
"984",2007,71,"Daft Punk","New Entry"
"985",2008,71,"DJ Hype","Up 11"
"986",2009,71,"Ricardo Villalobos","Down 35"
"987",2010,71,"W & W","New Entry"
"988",2011,71,"Mark Knight","Down 18"
"989",2012,71,"tyDi","Down 23"
"990",2013,71,"Blasterjaxx","New Entry"
"991",2014,71,"Zatox","Down 21"
"992",2015,71,"Tenishia","Up 2"
"993",2016,71,"Da Tweekaz","Up 8"
"994",2017,71,"Florian Picasso","Down 33"
"995",2004,NA,NA,NA
"996",2005,73,"Satoshi Tomiie","Down 25"
"997",2006,72,"Menno De Jong","New Entry"
"998",2007,72,"Martin Solveig","Re-entry"
"999",2008,72,"Signum","New Entry 11"
"1000",2009,72,"Chuckie","New Entry"
"1001",2010,72,"Boys Noize","Down 4"
"1002",2011,72,"Sean Tyas","Down 27"
"1003",2012,72,"Mat Zo","Up 1"
"1004",2013,72,"D-Block & S-te-Fan","Down 8"
"1005",2014,72,"MOSIMANN","Down 3"
"1006",2015,72,"Radical Redemption","Down 8"
"1007",2016,72,"Daft Punk","Down 3"
"1008",2017,72,"Vini Vici","New Entry"
"1009",2004,NA,NA,NA
"1010",2005,74,"DJ Tatana","New Entry"
"1011",2006,73,"BT","Up 9"
"1012",2007,73,"BT","No change"
"1013",2008,73,"Justice","Down 15"
"1014",2009,73,"Sharam","New Entry"
"1015",2010,73,"D-Block & S-te-Fan","New Entry"
"1016",2011,73,"Mat Zo","Down 7"
"1017",2012,73,"R3hab","New Entry"
"1018",2013,73,"Dillon Francis","New Entry"
"1019",2014,73,"Tenishia","Down 8"
"1020",2015,73,"Frontliner","Down 28"
"1021",2016,73,"Will Sparks","Up 5"
"1022",2017,73,"Jauz","Up 10"
"1023",2004,NA,NA,NA
"1024",2005,75,"Astrix","New Entry"
"1025",2006,74,"Scott K","New Entry"
"1026",2007,74,"Chris Liebing","Down 24"
"1027",2008,74,"Dirty South","Up 24"
"1028",2009,74,"Marcel Woods","Up 9"
"1029",2010,74,"Dubfire","Down 28"
"1030",2011,74,"Lange","Down 30"
"1031",2012,74,"MOSIMANN","New Entry"
"1032",2013,74,"Dannic","New Entry"
"1033",2014,74,"Gareth Emery","Down 23"
"1034",2015,74,"Borgeous","Up 13"
"1035",2016,74,"Carl Cox","Down 11"
"1036",2017,74,"Cat Dealers","New Entry"
"1037",2004,NA,NA,NA
"1038",2005,76,"Lee Burridge","Down 20"
"1039",2006,75,"Tall Paul","Down 32"
"1040",2007,75,"Valentino Kanzyani","New Entry"
"1041",2008,75,"Wally Lopez","Up 20"
"1042",2009,75,"Lisa Lashes","Up 2"
"1043",2010,75,"Dirty South","Down 16"
"1044",2011,75,"Joachim Garraud","Down 32"
"1045",2012,75,"Wasted Penguinz","New Entry"
"1046",2013,75,"Adaro","New Entry"
"1047",2014,75,"Umek","Up 22"
"1048",2015,75,"Netsky","Re-entry"
"1049",2016,75,"Timmy Trumpet","New Entry"
"1050",2017,75,"Sam Feldt","Up 12"
"1051",2004,NA,NA,NA
"1052",2005,77,"M.I.K.E","Down 15"
"1053",2006,76,"M.I.K.E","Up 1"
"1054",2007,76,"Trentemøller","New Entry"
"1055",2008,76,"Magda","Up 11"
"1056",2009,76,"Moonbeam","New Entry"
"1057",2010,76,"John B","Up 16"
"1058",2011,76,"Simon Patterson","Down 48"
"1059",2012,76,"Dirty South","Up 17"
"1060",2013,76,"Richie Hawtin","Up 2"
"1061",2014,76,"Tiddey","Up 8"
"1062",2015,76,"Yellow Claw","New Entry"
"1063",2016,76,"Borgore","Down 8"
"1064",2017,76,"Robin Schulz","Down 7"
"1065",2004,NA,NA,NA
"1066",2005,78,"Lady Dana","Down 49"
"1067",2006,77,"Filo & Peri","New Entry 77"
"1068",2007,77,"Jeff Mills ","Re-entry"
"1069",2008,77,"Lisa Lashes","Up 6"
"1070",2009,77,"Rank 1","Re-entry"
"1071",2010,77,"Daniel Kandi","Up 10"
"1072",2011,77,"Francis Davila","New Entry"
"1073",2012,77,"Andrew Rayel","New Entry"
"1074",2013,77,"Martin Solveig","Down 29"
"1075",2014,77,"Zomboy","New Entry"
"1076",2015,77,"Chuckie","Re-entry"
"1077",2016,77,"Firebeatz","Down 11"
"1078",2017,77,"Andy C","Re-entry"
"1079",2004,NA,NA,NA
"1080",2005,80,"Nic Fanciulli","Up 8"
"1081",2006,78,"DJ Tarkan","New Entry"
"1082",2007,78,"John Graham","Down 9"
"1083",2008,78,"Pete Tong","Down 39"
"1084",2009,78,"Sébastien Léger","Up 11"
"1085",2010,78,"Arty","New Entry"
"1086",2011,78,"Psyko Punkz","New Entry"
"1087",2012,78,"Richie Hawtin","Down 33"
"1088",2013,78,"Felguk","Up 12"
"1089",2014,78,"DJ Bl3ND","Up 13"
"1090",2015,78,"Will Sparks","New Entry"
"1091",2016,78,"Tujamo","Up 17"
"1092",2017,78,"Carnage","Up 6"
"1093",2004,NA,NA,NA
"1094",2005,81,"Rank 1","Up 10"
"1095",2006,79,"Anderson Noise","New Entry"
"1096",2007,79,"Robbie Rivera","Up 17"
"1097",2008,79,"DJ Vibe","Down 39"
"1098",2009,79,"Marcus Schossow","New Entry"
"1099",2010,79,"BT","Re-entry"
"1100",2011,79,"Dimitri Vegas & Like Mike","New Entry"
"1101",2012,79,"Frontliner","New Entry"
"1102",2013,79,"Myon & Shane 54","Up 1"
"1103",2014,79,"Orjan Nilsen","Down 30"
"1104",2015,79,"Da Tweekaz","Down 13"
"1105",2016,79,"Laidback Luke","Down 15"
"1106",2017,79,"Andrew Rayel","Down 14"
"1107",2004,NA,NA,NA
"1108",2005,82,"BT","Up 10"
"1109",2006,80,"Fatboy Slim","Down 17"
"1110",2007,80,"The Chemical Brothers","Re-entry"
"1111",2008,80,"Bad Boy Bill","Down 42"
"1112",2009,80,"Steve Lawler","Up 11"
"1113",2010,80,"Boy George","Re-entry"
"1114",2011,80,"Wildstylez","New Entry"
"1115",2012,80,"Myon & Shane 54","Down 29"
"1116",2013,80,"Cosmic Gate","Down 41"
"1117",2014,80,"TJR","New Entry"
"1118",2015,80,"Quintino","Up 6"
"1119",2016,80,"Markus Schulz","Down 24"
"1120",2017,80,"Richie Hawtin","Re-entry"
"1121",2004,NA,NA,NA
"1122",2005,83,"Anne Savage","Down 4"
"1123",2006,80,"Fergie","Down 25"
"1124",2007,81,"Luciano","New Entry"
"1125",2008,81,"Tiddey","New Entry 42"
"1126",2009,81,"Skazi","Re-entry"
"1127",2010,81,"Pete Tha Zouk","New Entry"
"1128",2011,81,"Roger Sanchez","Down 17"
"1129",2012,81,"Heatbeat","New Entry"
"1130",2013,81,"Heatbeat","No change"
"1131",2014,81,"3lau","New Entry"
"1132",2015,81,"Krewella","Down 48"
"1133",2016,81,"Vicetone","Down 31"
"1134",2017,81,"Solomun","New Entry"
"1135",2004,NA,NA,NA
"1136",2005,85,"Plump DJ's","Down 32"
"1137",2006,81,"Serge Devant","New Entry"
"1138",2007,82,"Hype","Re-entry"
"1139",2008,82,"Greg Downey","New Entry 42"
"1140",2009,82,"Super8 & Tab","New Entry"
"1141",2010,82,"Fatboy Slim","Up 12"
"1142",2011,82,"Hernan Cattaneo","Down 25"
"1143",2012,82,"Thomas Gold","New Entry"
"1144",2013,82,"John O'Callaghan","Re-entry"
"1145",2014,82,"Don Diablo ","New Entry"
"1146",2015,82,"ATB","Down 24"
"1147",2016,82,"Martin Jensen","New Entry"
"1148",2017,82,"Steve Angello","Down 52"
"1149",2004,NA,NA,NA
"1150",2005,86,"Miss Kitten","Down 10"
"1151",2006,82,"Umek","Down 3"
"1152",2007,83,"Lisa Lashes","Up 16"
"1153",2008,83,"Marcel Woods","New Entry 42"
"1154",2009,83,"Pete Tong","Down 5"
"1155",2010,83,"Skazi","Down 2"
"1156",2011,83,"Tritonal","New Entry"
"1157",2012,83,"Nero","Up 5"
"1158",2013,83,"Wasted Penguinz","Down 8"
"1159",2014,83,"Madeon","Down 24"
"1160",2015,83,"MAKJ","Down 21"
"1161",2016,83,"Jauz","New Entry"
"1162",2017,83,"Will Sparks","Down 10"
"1163",2004,NA,NA,NA
"1164",2005,87,"Felix Da Housecat","Down 14"
"1165",2006,86,"Tallah 2XLC","New Entry"
"1166",2007,84,"Filo & Peri","Down 7"
"1167",2008,84,"Nick Warren","Down 37"
"1168",2009,84,"Tocadisco","Up 14"
"1169",2010,84,"Paul Kalkbrenner","New Entry"
"1170",2011,84,"DJ Vibe","Up 16"
"1171",2012,84,"Roger Shah","Down 33"
"1172",2013,84,"Tiddey","Re-entry"
"1173",2014,84,"Wolfpack","New Entry"
"1174",2015,84,"Kaskade","Down 38"
"1175",2016,84,"Carnage","Up 4"
"1176",2017,84,"Mariana Bo","New Entry"
"1177",2004,NA,NA,NA
"1178",2005,88,"Christian Cambas","New Entry"
"1179",2006,87,"Ronski Speed","Re-entry"
"1180",2007,85,"Lee Burridge","Up 3"
"1181",2008,85,"Solar System","New Entry 37"
"1182",2009,85,"Sied Van Riel","New Entry"
"1183",2010,85,"Pete Tong","Down 2"
"1184",2011,85,"AN21","New Entry"
"1185",2012,85,"Feed Me","New Entry"
"1186",2013,85,"Skazi","Re-entry"
"1187",2014,85,"Mike Candys","Down 18"
"1188",2015,85,"Ferry Corsten","Up 6"
"1189",2016,85,"Netsky","Down 10"
"1190",2017,85,"Black Coffee","New Entry"
"1191",2004,NA,NA,NA
"1192",2005,89,"Scot Project","Re-entry"
"1193",2006,88,"Lee Burridge","Down 12"
"1194",2007,86,"Armand Van Helden","Re-entry"
"1195",2008,86,"Skazi","New Entry 37"
"1196",2009,86,"Tiga","Re-entry"
"1197",2010,86,"Bloody Beetroots","New Entry"
"1198",2011,86,"Bloody Beetroots","No change"
"1199",2012,86,"Mike Candys","New Entry"
"1200",2013,86,"Da Tweekaz","Up 13"
"1201",2014,86,"Quintino","New Entry"
"1202",2015,86,"Flux Pavilion","New Entry"
"1203",2016,86,"Carl Nunes","New Entry"
"1204",2017,86,"Dillon Francis","Down 22"
"1205",2004,NA,NA,NA
"1206",2005,90,"Cosmic Gate","Down 9"
"1207",2006,89,"Mario Piu","Down 51"
"1208",2007,87,"Magda","Re-entry"
"1209",2008,87,"Mike Koglin","New Entry 37"
"1210",2009,87,"Daniel Kandi","New Entry"
"1211",2010,86,"Bloody Beetroots","New Entry"
"1212",2011,87,"Felguk","New Entry"
"1213",2012,87,"Andy Moor","Down 37"
"1214",2013,87,"Tenashar","New Entry"
"1215",2014,87,"Borgeous","New Entry"
"1216",2015,87,"Zatox","Down 16"
"1217",2016,87,"Sam Feldt","New Entry"
"1218",2017,87,"Flume","Up 7"
"1219",2004,NA,NA,NA
"1220",2005,91,"Matt Darey","New Entry"
"1221",2006,90,"Axel Karakasis","New Entry"
"1222",2007,88,"Dave Seaman","Up 7"
"1223",2008,88,"Mauro Picotto","Down 54"
"1224",2009,88,"Mike Koglin","Down 1"
"1225",2010,87,"Arnej","New Entry"
"1226",2011,88,"Nero","New Entry"
"1227",2012,88,"Ran-D","New Entry"
"1228",2013,88,"Bob Sinclair","Up 6"
"1229",2014,88,"Audien","New Entry"
"1230",2015,88,"Carnage","Down 20"
"1231",2016,88,"Miss K8","Up 6"
"1232",2017,88,"Shogun","Down 46"
"1233",2004,NA,NA,NA
"1234",2005,92,"DJ Sammy","New Entry"
"1235",2006,91,"Steve Porter","New Entry"
"1236",2007,89,"Victor Calderone","Down 6"
"1237",2008,89,"Sébastien Léger","Up 4"
"1238",2009,89,"Luciano","Re-entry"
"1239",2010,88,"Joris Voorn","New Entry"
"1240",2011,89,"Juanjo Martin","New Entry"
"1241",2012,89,"Richard Durand","Down 30"
"1242",2013,89,"Benny Benassi","Down 19"
"1243",2014,89,"Boy George","Re-entry"
"1244",2015,89,"Robin Schulz","New Entry"
"1245",2016,89,"Jay Hardway","New Entry"
"1246",2017,89,"Alison Wonderland","New Entry"
"1247",2004,NA,NA,NA
"1248",2005,93,"Proteus","Down 3"
"1249",2006,92,"Yoji Biomehanika","Down 60"
"1250",2007,90,"Dave Clarke","Up 10"
"1251",2008,90,"The Chemical Brothers","Down 10"
"1252",2009,90,"Yahel","Down 34"
"1253",2010,89,"Dada Life","New Entry"
"1254",2011,90,"Boy George","Down 10"
"1255",2012,90,"Felguk","Down 3"
"1256",2013,90,"Stafford Brothers","New Entry"
"1257",2014,90,"Richie Hawtin","Down 14"
"1258",2015,90,"Sander Van Doorn","Down 39"
"1259",2016,90,"Porter Robinson","Down 35"
"1260",2017,90,"Ferry Corsten","Up 9"
"1261",2004,NA,NA,NA
"1262",2005,94,"DJ Luna","Down 33"
"1263",2006,93,"Axwell","New Entry"
"1264",2007,91,"Richard Durand","New Entry"
"1265",2008,91,"Steve Lawler","Down 49"
"1266",2009,91,"Myon & Shane 54","New Entry"
"1267",2010,90,"Noisecontrollers","New Entry"
"1268",2011,91,"Tenishia","New Entry"
"1269",2012,91,"Paul Kalkbrenner","Down 29"
"1270",2013,91,"Bl3nd","New Entry"
"1271",2014,91,"Ferry Corsten","Down 49"
"1272",2015,91,"MaRLo","New Entry"
"1273",2016,91,"Bobina","Re-entry"
"1274",2017,91,"Maceo Plex","New Entry"
"1275",2004,NA,NA,NA
"1276",2005,95,"Moshic","New Entry"
"1277",2006,94,"Stanton Warriors","Re-entry"
"1278",2007,92,"Westbam","New Entry"
"1279",2008,92,"Fatboy Slim","Down 26"
"1280",2009,92,"John B","New Entry"
"1281",2010,91,"Showtek","No change"
"1282",2011,92,"Sidney Samson","New Entry"
"1283",2012,92,"Moonbeam","Down 27"
"1284",2013,92,"Paul Oakenfold","Down 23"
"1285",2014,92,"Code Black","New Entry"
"1286",2015,92,"Andy C","Re-entry"
"1287",2016,92,"Zatox","Down 5"
"1288",2017,92,"Carta","New Entry"
"1289",2004,NA,NA,NA
"1290",2005,96,"Max Graham","Down 32"
"1291",2006,95,"Dave Seaman","Down 26"
"1292",2007,93,"Sébastien Léger","New Entry"
"1293",2008,93,"Solarstone","New Entry 26"
"1294",2009,93,"Simon Posford","New Entry"
"1295",2010,92,"Laurent Wolf","Down 26"
"1296",2011,93,"Dirty South","Down 18"
"1297",2012,93,"Sean Tyas","Down 21"
"1298",2013,93,"Mat Zo","Down 21"
"1299",2014,93,"Heatbeat","Down 8"
"1300",2015,93,"MOSIMANN","Down 22"
"1301",2016,93,"Dyro","Down 66"
"1302",2017,93,"MOSIMANN","Re-entry"
"1303",2004,NA,NA,NA
"1304",2005,97,"
New Entry",NA
"1305",2006,96,"Robbie Rivera","New Entry"
"1306",2007,94,"Chus & Ceballos","Re-entry"
"1307",2008,94,"Astral Projection","New Entry 26"
"1308",2009,94,"Fatboy Slim","Down 2"
"1309",2010,93,"Claudia Cazacu","New Entry"
"1310",2011,94,"James Zabiela","Down 45"
"1311",2012,94,"Bob Sinclair","Down 61"
"1312",2013,94,"Diego Miranda","New Entry"
"1313",2014,94,"Merk & Kremont","New Entry"
"1314",2015,94,"Miss K8","New Entry"
"1315",2016,94,"Flume","New Entry"
"1316",2017,94,"Julian Jordan","New Entry"
"1317",2004,NA,NA,NA
"1318",2005,98,"Gigi D'Agostino","Re-entry"
"1319",2006,97,"Andy C","Down 27"
"1320",2007,95,"Wally Lopez","New Entry"
"1321",2008,95,"Leon Bolier","New Entry 26"
"1322",2009,95,"Robbie Rivera","Re-entry"
"1323",2010,94,"Calvin Harris","New Entry"
"1324",2011,95,"Marcel Woods","Down 32"
"1325",2012,95,"Netsky","New Entry"
"1326",2013,95,"DJs From Mars","New Entry"
"1327",2014,95,"Wildstylez","Down 39"
"1328",2015,95,"Tujamo","New Entry"
"1329",2016,95,"Infected Mushroom","Re-entry"
"1330",2017,95,"tchami","Re-entry"
"1331",2004,NA,NA,NA
"1332",2005,99,"Marco Bailey","Down 3"
"1333",2006,98,"Agnelli & Nelson","New Entry"
"1334",2007,96,"Booka Shade","New Entry"
"1335",2008,96,"Nic Fanciulli","Down 51"
"1336",2009,96,"Antoine Clamaran","New Entry"
"1337",2010,95,"Luciano","Down 6"
"1338",2011,96,"Porter Robinson","New Entry"
"1339",2012,96,"Neelix","New Entry"
"1340",2013,96,"Matt Darey","Re-entry"
"1341",2014,96,"Bingo Players","Down 44"
"1342",2015,96,"Mike Candys","Down 12"
"1343",2016,96,"Showtek","Down 59"
"1344",2017,96,"Porter Robinson","Down 6"
"1345",2004,NA,NA,NA
"1346",2005,100,"Magda","New Entry"
"1347",2006,99,"Lisa Lashes","Down 43"
"1348",2007,97,"Adam Beyer","Re-entry"
"1349",2008,97,"Ronski Speed","Down 53"
"1350",2009,97,"Nic Fanciulli","Down 1"
"1351",2010,96,"Marcus Schossow","Down 17"
"1352",2011,97,"Sven Väth","Down 39"
"1353",2012,97,"Mark Knight","Down 27"
"1354",2013,97,"Umek","Down 38"
"1355",2014,97,"The Chainsmokers","New Entry"
"1356",2015,97,"Swanky Tunes","New Entry"
"1357",2016,97,"Daddy's Groove","New Entry"
"1358",2017,97,"Paul Kalkbrenner","Re-entry"
"1359",2004,NA,NA,NA
"1360",2005,NA,NA,NA
"1361",2006,100,"Dave Clarke","Down 64"
"1362",2007,98,"Dirty South","New Entry"
"1363",2008,98,"Tocadisco","New Entry 53"
"1364",2009,98,"Gui Boratto","New Entry"
"1365",2010,97,"Sied Van Riel","Down 12"
"1366",2011,98,"Brennan Heart","New Entry"
"1367",2012,98,"John Digweed","Down 43"
"1368",2013,98,"Solarstone","Re-entry"
"1369",2014,98,"John O'Callaghan","Down 16"
"1370",2015,98,"Galantis","New Entry"
"1371",2016,98,"Martin Solveig","Re-entry"
"1372",2017,98,"DJ L","New Entry"
"1373",2004,NA,NA,NA
"1374",2005,NA,NA,NA
"1375",2006,NA,NA,NA
"1376",2007,99,"Erol Alkan","New Entry"
"1377",2008,99,"Booka Shade","Down 3"
"1378",2009,99,"Alex M.O.R.P.H.","New Entry"
"1379",2010,98,"The Thrillseekers","Down 41"
"1380",2011,99,"Leon Bolier","Down 31"
"1381",2012,99,"Da Tweekaz","New Entry"
"1382",2013,99,"Ummet Ozcan","New Entry"
"1383",2014,99,"Arty","Down 42"
"1384",2015,99,"Cosmic Gate","Down 30"
"1385",2016,99,"Ferry Corsten","Down 14"
"1386",2017,99,"Swanky Tunes","Down 72"
"1387",2004,NA,NA,NA
"1388",2005,NA,NA,NA
"1389",2006,NA,NA,NA
"1390",2007,100,"Laurent Garnier","Re-entry"
"1391",2008,100,"Alex Morph & Woody Van Eyden","New Entry 3"
"1392",2009,100,"Andy C","Down 50"
"1393",2010,99,"Justice","Down 34"
"1394",2011,100,"Boys Noize","Down 28"
"1395",2012,100,"Project 46","New Entry"
"1396",2013,100,"Ran-D","Down 12"
"1397",2014,100,"Felguk","Down 22"
"1398",2015,100,"Knife Party","Down 47"
"1399",2016,100,"DJ Feel","Re-entry"
"1400",2017,100,"Disclosure","Re-entry"
